published_at,news_count,overall_sentiment
2025-12-29 10:00:00,1,0.9475
2025-12-29 13:00:00,1,-0.9553
2025-12-29 15:00:00,4,-0.2818
2025-12-29 16:00:00,4,0.1833
2025-12-29 17:00:00,3,-0.3715
2025-12-29 18:00:00,5,0.1517
2025-12-29 19:00:00,5,0.0425
2025-12-29 20:00:00,4,0.4351
2025-12-29 21:00:00,4,-0.7439
2025-12-29 22:00:00,3,-0.3741
2025-12-29 23:00:00,9,-0.1235
2025-12-30 00:00:00,3,-0.0962
2025-12-30 13:00:00,1,-0.9523
2025-12-30 14:00:00,1,-0.923
2025-12-30 17:00:00,5,-0.2155
2025-12-30 20:00:00,4,-0.0052
2025-12-30 21:00:00,3,-0.5509
2025-12-30 22:00:00,2,0.6981
2025-12-30 23:00:00,1,0.8394
2025-12-31 02:00:00,1,-0.8193
2025-12-31 03:00:00,1,0.8713
2025-12-31 12:00:00,1,-0.9604
2025-12-31 14:00:00,1,0.8883
2025-12-31 17:00:00,3,-0.4728
2025-12-31 18:00:00,4,0.1545
2025-12-31 19:00:00,1,-0.6031
2025-12-31 20:00:00,4,0.0476
2025-12-31 21:00:00,2,0.3926
2025-12-31 23:00:00,1,-0.7713
2026-01-01 06:00:00,1,-0.9027
2026-01-01 20:00:00,2,-0.382
2026-01-01 23:00:00,1,-0.929
2026-01-02 10:00:00,3,0.1421
2026-01-02 13:00:00,2,-0.365
2026-01-02 14:00:00,4,-0.4317
2026-01-02 15:00:00,5,0.1308
2026-01-02 16:00:00,1,-0.5438
2026-01-02 20:00:00,4,0.1394
2026-01-02 21:00:00,2,-0.4068
2026-01-02 22:00:00,7,-0.003
2026-01-03 00:00:00,1,-0.4845
2026-01-03 01:00:00,2,-0.4877
2026-01-03 02:00:00,2,0.5317
2026-01-03 07:00:00,2,0.9488
2026-01-03 09:00:00,2,0.6855
2026-01-03 14:00:00,2,0.3749
2026-01-03 15:00:00,2,-0.4825
2026-01-04 05:00:00,1,0.5195
2026-01-04 07:00:00,1,-0.6515
2026-01-04 10:00:00,1,0.5651
2026-01-04 11:00:00,1,0.5797
2026-01-04 15:00:00,2,-0.0111
2026-01-04 16:00:00,2,-0.2471
2026-01-04 17:00:00,1,-0.957
2026-01-04 23:00:00,2,-0.854
2026-01-05 04:00:00,1,0.5036
2026-01-05 06:00:00,1,-0.4141
2026-01-05 11:00:00,1,0.8581
2026-01-05 12:00:00,1,-0.9706
2026-01-05 15:00:00,3,-0.3803
2026-01-05 16:00:00,5,-0.0046
2026-01-05 17:00:00,3,-0.2038
2026-01-05 18:00:00,3,0.2422
2026-01-05 19:00:00,5,0.1778
2026-01-05 20:00:00,6,0.1508
2026-01-05 21:00:00,4,0.6168
2026-01-05 22:00:00,5,0.1756
2026-01-06 05:00:00,2,-0.3128
2026-01-06 06:00:00,1,0.9058
2026-01-06 11:00:00,3,0.0131
2026-01-06 12:00:00,2,-0.6909
2026-01-06 13:00:00,3,0.0288
2026-01-06 15:00:00,5,-0.6864
2026-01-06 16:00:00,1,-0.9491
2026-01-06 17:00:00,1,-0.9505
2026-01-06 19:00:00,3,-0.1442
2026-01-06 20:00:00,5,0.3807
2026-01-06 21:00:00,3,0.5125
2026-01-06 22:00:00,2,-0.1032
2026-01-06 23:00:00,3,0.5897
2026-01-07 00:00:00,1,0.7815
2026-01-07 01:00:00,2,-0.4287
2026-01-07 09:00:00,4,0.664
2026-01-07 14:00:00,4,-0.094
2026-01-07 15:00:00,1,-0.7738
2026-01-07 16:00:00,3,0.3117
2026-01-07 17:00:00,4,-0.3806
2026-01-07 18:00:00,5,-0.3737
2026-01-07 19:00:00,1,0.9435
2026-01-07 20:00:00,4,-0.2922
2026-01-07 21:00:00,3,-0.3763
2026-01-07 22:00:00,2,0.7762
2026-01-07 23:00:00,1,0.6638
2026-01-08 01:00:00,1,0.8958
2026-01-08 02:00:00,1,-0.5595
2026-01-08 05:00:00,1,-0.9108
2026-01-08 06:00:00,1,0.9474
2026-01-08 15:00:00,1,0.4371
2026-01-08 16:00:00,4,-0.2291
2026-01-08 18:00:00,1,0.6915
2026-01-08 19:00:00,4,0.2072
2026-01-08 20:00:00,3,-0.2574
2026-01-08 21:00:00,6,-0.3143
2026-01-08 22:00:00,3,-0.2045
2026-01-09 00:00:00,2,0.2852
2026-01-09 01:00:00,2,-0.0461
2026-01-09 02:00:00,1,-0.9179
2026-01-09 04:00:00,2,0.7322
2026-01-09 05:00:00,3,-0.46
2026-01-09 09:00:00,1,0.9138
2026-01-09 11:00:00,4,0.3818
2026-01-09 12:00:00,4,0.1424
2026-01-09 15:00:00,5,0.321
2026-01-09 16:00:00,12,-0.2914
2026-01-09 17:00:00,6,0.0724
2026-01-09 19:00:00,9,-0.0387
2026-01-09 20:00:00,1,0.9483
2026-01-09 21:00:00,5,-0.0258
2026-01-09 22:00:00,5,0.1397
2026-01-10 00:00:00,2,0.404
2026-01-10 01:00:00,2,-0.9749
2026-01-10 05:00:00,2,-0.4835
2026-01-10 07:00:00,2,-0.4851
2026-01-10 09:00:00,1,0.699
2026-01-10 13:00:00,1,-0.8934
2026-01-10 15:00:00,4,-0.0757
2026-01-10 16:00:00,3,-0.5623
2026-01-10 18:00:00,1,0.8807
2026-01-10 23:00:00,1,-0.9733
2026-01-11 07:00:00,1,-0.9514
2026-01-11 11:00:00,1,-0.7239
2026-01-11 12:00:00,1,0.7508
2026-01-11 14:00:00,3,0.5914
2026-01-11 15:00:00,1,-0.9267
2026-01-11 16:00:00,3,0.4961
2026-01-11 22:00:00,1,0.6676
2026-01-12 06:00:00,1,0.7167
2026-01-12 10:00:00,2,-0.9476
2026-01-12 13:00:00,2,0.058
2026-01-12 14:00:00,5,0.2838
2026-01-12 15:00:00,5,0.4481
2026-01-12 16:00:00,6,0.311
2026-01-12 17:00:00,4,-0.2404
2026-01-12 18:00:00,3,-0.2279
2026-01-12 19:00:00,9,-0.3323
2026-01-12 20:00:00,6,0.125
2026-01-12 23:00:00,5,-0.2397
2026-01-13 01:00:00,2,0.4082
2026-01-13 02:00:00,1,-0.3761
2026-01-13 03:00:00,3,0.6285
2026-01-13 05:00:00,1,0.8384
2026-01-13 06:00:00,1,0.9382
2026-01-13 09:00:00,1,-0.9466
2026-01-13 10:00:00,4,0.5746
2026-01-13 13:00:00,2,0.8954
2026-01-13 14:00:00,3,-0.3305
2026-01-13 15:00:00,3,-0.2891
2026-01-13 16:00:00,4,-0.6215
2026-01-13 17:00:00,2,-0.2513
2026-01-13 18:00:00,4,-0.3966
2026-01-13 19:00:00,8,-0.2085
2026-01-13 20:00:00,8,-0.4718
2026-01-13 23:00:00,2,-0.4642
2026-01-14 00:00:00,8,0.1182
2026-01-14 01:00:00,2,0.643
2026-01-14 02:00:00,1,0.9407
2026-01-14 05:00:00,2,-0.7257
2026-01-14 07:00:00,2,0.8859
2026-01-14 08:00:00,1,0.9397
2026-01-14 09:00:00,1,-0.8031
2026-01-14 12:00:00,2,-0.4868
2026-01-14 13:00:00,3,-0.538
2026-01-14 14:00:00,1,0.5858
2026-01-14 15:00:00,1,0.4965
2026-01-14 16:00:00,2,-0.9612
2026-01-14 17:00:00,3,0.1181
2026-01-14 18:00:00,7,0.1055
2026-01-14 19:00:00,7,-0.2384
2026-01-14 20:00:00,5,-0.024
2026-01-14 22:00:00,2,-0.4861
2026-01-14 23:00:00,6,-0.244
2026-01-15 01:00:00,1,0.7288
2026-01-15 05:00:00,1,-0.5311
2026-01-15 08:00:00,1,0.8346
2026-01-15 10:00:00,1,-0.7548
2026-01-15 11:00:00,1,-0.8063
2026-01-15 14:00:00,5,-0.1242
2026-01-15 15:00:00,3,0.3629
2026-01-15 16:00:00,7,0.2372
2026-01-15 17:00:00,7,0.1048
2026-01-15 18:00:00,4,0.3641
2026-01-15 19:00:00,9,0.1978
2026-01-15 20:00:00,5,0.1769
2026-01-15 21:00:00,4,0.2376
2026-01-15 22:00:00,8,0.1399
2026-01-15 23:00:00,3,0.3377
2026-01-16 00:00:00,1,0.9143
2026-01-16 05:00:00,2,-0.4345
2026-01-16 07:00:00,3,0.3129
2026-01-16 08:00:00,2,-0.9047
2026-01-16 09:00:00,5,-0.0427
2026-01-16 11:00:00,6,0.2318
2026-01-16 15:00:00,3,0.3253
2026-01-16 16:00:00,2,-0.0948
2026-01-16 18:00:00,2,-0.4253
2026-01-16 19:00:00,3,0.2367
2026-01-16 20:00:00,6,0.275
2026-01-16 21:00:00,11,-0.2631
2026-01-16 22:00:00,3,-0.0039
2026-01-17 00:00:00,2,-0.3794
2026-01-17 02:00:00,1,0.4289
2026-01-17 06:00:00,1,0.7989
2026-01-17 07:00:00,2,-0.465
2026-01-17 08:00:00,2,-0.4637
2026-01-17 09:00:00,2,-0.4324
2026-01-17 10:00:00,1,-0.542
2026-01-17 18:00:00,1,0.8648
2026-01-18 07:00:00,1,-0.7227
2026-01-18 10:00:00,1,-0.8877
2026-01-18 13:00:00,1,-0.6699
2026-01-18 15:00:00,2,-0.725
2026-01-18 19:00:00,1,-0.7917
2026-01-19 03:00:00,1,-0.6608
2026-01-19 06:00:00,1,0.9547
2026-01-19 12:00:00,1,-0.9681
2026-01-19 16:00:00,5,-0.0804
2026-01-19 17:00:00,4,-0.2737
2026-01-19 20:00:00,4,0.5237
2026-01-20 03:00:00,1,0.9095
2026-01-20 05:00:00,2,-0.8051
2026-01-20 08:00:00,1,0.9315
2026-01-20 11:00:00,1,-0.7681
2026-01-20 13:00:00,2,-0.2552
2026-01-20 14:00:00,4,0.1428
2026-01-20 15:00:00,4,0.4627
2026-01-20 16:00:00,3,-0.2709
2026-01-20 17:00:00,6,0.1194
2026-01-20 18:00:00,6,-0.2024
2026-01-20 19:00:00,6,0.1378
2026-01-20 20:00:00,7,-0.2114
2026-01-20 21:00:00,2,-0.4684
2026-01-20 22:00:00,1,-0.7418
2026-01-20 23:00:00,5,0.0209
2026-01-21 00:00:00,6,-0.4368
2026-01-21 02:00:00,2,-0.0521
2026-01-21 09:00:00,3,-0.3081
2026-01-21 10:00:00,6,-0.4178
2026-01-21 12:00:00,2,-0.8386
2026-01-21 16:00:00,7,-0.1407
2026-01-21 17:00:00,8,0.1313
2026-01-21 18:00:00,7,-0.4043
2026-01-21 19:00:00,4,-0.2184
2026-01-21 20:00:00,5,-0.2737
2026-01-21 21:00:00,5,-0.4631
2026-01-21 22:00:00,8,0.5617
2026-01-21 23:00:00,12,0.1252
2026-01-22 00:00:00,6,0.0458
2026-01-22 02:00:00,2,0.132
2026-01-22 11:00:00,2,0.4653
2026-01-22 12:00:00,1,0.7253
2026-01-22 14:00:00,2,0.5166
2026-01-22 15:00:00,2,0.6518
2026-01-22 16:00:00,5,0.2919
2026-01-22 17:00:00,4,0.4293
2026-01-22 19:00:00,8,0.1207
2026-01-22 20:00:00,10,0.0007
2026-01-22 21:00:00,2,-0.8362
2026-01-22 22:00:00,3,-0.0899
2026-01-22 23:00:00,3,-0.2906
2026-01-23 00:00:00,4,-0.0396
2026-01-23 01:00:00,1,0.935
2026-01-23 02:00:00,1,0.6322
2026-01-23 08:00:00,1,0.953
2026-01-23 10:00:00,1,0.9127
2026-01-23 13:00:00,7,-0.0558
2026-01-23 14:00:00,3,-0.1712
2026-01-23 16:00:00,4,-0.3833
2026-01-23 17:00:00,3,0.0247
2026-01-23 19:00:00,4,0.2555
2026-01-23 20:00:00,5,-0.3633
2026-01-23 21:00:00,6,-0.3356
2026-01-23 22:00:00,4,0.2574
2026-01-24 00:00:00,4,0.3956
2026-01-24 06:00:00,2,-0.1996
2026-01-24 07:00:00,2,0.4772
2026-01-24 08:00:00,2,-0.3888
2026-01-24 11:00:00,3,0.3233
2026-01-24 15:00:00,1,0.44
2026-01-24 17:00:00,2,0.3232
2026-01-25 04:00:00,1,0.9178
2026-01-25 06:00:00,1,-0.9097
2026-01-25 07:00:00,2,-0.6825
2026-01-25 15:00:00,3,-0.3572
2026-01-25 16:00:00,3,-0.574
2026-01-25 23:00:00,1,0.4926
2026-01-26 05:00:00,1,-0.4789
2026-01-26 06:00:00,1,-0.9446
2026-01-26 10:00:00,3,0.4701
2026-01-26 11:00:00,2,0.2398
2026-01-26 14:00:00,2,-0.7587
2026-01-26 15:00:00,3,0.4999
2026-01-26 16:00:00,5,0.1761
2026-01-26 17:00:00,8,0.3689
2026-01-26 18:00:00,4,0.0575
2026-01-26 19:00:00,5,0.0738
2026-01-26 20:00:00,11,-0.0785
2026-01-26 21:00:00,9,0.1733
2026-01-26 22:00:00,6,-0.2927
2026-01-26 23:00:00,3,0.2192
2026-01-27 00:00:00,1,0.8076
2026-01-27 01:00:00,2,0.4209
2026-01-27 07:00:00,3,-0.3718
2026-01-27 09:00:00,3,0.5697
2026-01-27 10:00:00,4,0.0142
2026-01-27 12:00:00,3,-0.0774
2026-01-27 13:00:00,1,-0.8362
2026-01-27 14:00:00,1,0.9431
2026-01-27 15:00:00,5,-0.5274
2026-01-27 16:00:00,5,-0.3554
2026-01-27 17:00:00,2,-0.2388
2026-01-27 18:00:00,3,-0.786
2026-01-27 19:00:00,1,0.7755
2026-01-27 20:00:00,8,-0.5133
2026-01-27 21:00:00,6,-0.517
2026-01-27 22:00:00,6,0.1041
2026-01-27 23:00:00,1,-0.5375
2026-01-28 00:00:00,5,0.0102
2026-01-28 01:00:00,2,-0.452
2026-01-28 03:00:00,2,0.4685
2026-01-28 05:00:00,2,-0.236
2026-01-28 10:00:00,1,-0.9069
2026-01-28 12:00:00,2,0.359
2026-01-28 14:00:00,2,0.1922
2026-01-28 15:00:00,2,0.3548
2026-01-28 16:00:00,3,-0.2914
2026-01-28 17:00:00,2,-0.4518
2026-01-28 18:00:00,7,0.0036
2026-01-28 19:00:00,8,-0.2056
2026-01-28 20:00:00,3,-0.5765
2026-01-28 22:00:00,7,-0.33
2026-01-28 23:00:00,4,0.0809
2026-01-29 01:00:00,3,0.1168
2026-01-29 05:00:00,1,0.6385
2026-01-29 07:00:00,1,0.9242
2026-01-29 08:00:00,1,0.9314
2026-01-29 09:00:00,2,-0.5407
2026-01-29 12:00:00,3,0.0088
2026-01-29 15:00:00,1,0.7879
2026-01-29 16:00:00,4,0.0928
2026-01-29 18:00:00,7,0.1179
2026-01-29 19:00:00,3,0.2231
2026-01-29 20:00:00,10,-0.0811
2026-01-29 21:00:00,4,0.1555
2026-01-29 22:00:00,2,-0.5739
2026-01-29 23:00:00,1,-0.8311
2026-01-30 00:00:00,6,-0.1494
2026-01-30 03:00:00,1,0.6116
2026-01-30 05:00:00,2,-0.5277
2026-01-30 09:00:00,1,0.7891
2026-01-30 10:00:00,2,-0.7832
2026-01-30 11:00:00,5,-0.3488
2026-01-30 12:00:00,1,-0.5137
2026-01-30 14:00:00,3,-0.4724
2026-01-30 15:00:00,8,-0.0246
2026-01-30 16:00:00,4,-0.4811
2026-01-30 17:00:00,7,0.4096
2026-01-30 18:00:00,7,-0.1734
2026-01-30 19:00:00,3,-0.2757
2026-01-30 20:00:00,7,-0.4202
2026-01-30 21:00:00,8,-0.2354
2026-01-30 22:00:00,3,-0.5644
2026-01-30 23:00:00,2,-0.2188
2026-01-31 01:00:00,2,-0.8565
2026-01-31 02:00:00,2,-0.0089
2026-01-31 05:00:00,1,-0.7829
2026-01-31 11:00:00,2,0.6354
2026-01-31 15:00:00,2,-0.4672
2026-01-31 21:00:00,1,-0.5976
2026-02-01 07:00:00,1,0.5748
2026-02-01 08:00:00,1,-0.9567
2026-02-01 14:00:00,1,-0.9399
2026-02-01 15:00:00,2,-0.091
2026-02-01 16:00:00,4,-0.279
2026-02-01 23:00:00,1,-0.4901
2026-02-02 05:00:00,1,-0.75
2026-02-02 12:00:00,2,0.0028
2026-02-02 14:00:00,5,0.0792
2026-02-02 15:00:00,5,-0.5743
2026-02-02 16:00:00,5,-0.2934
2026-02-02 19:00:00,6,-0.7
2026-02-02 20:00:00,10,0.0939
2026-02-02 21:00:00,4,-0.2294
2026-02-02 22:00:00,1,-0.5062
2026-02-03 00:00:00,6,0.1213
2026-02-03 02:00:00,1,0.6535
2026-02-03 04:00:00,2,-0.5349
2026-02-03 07:00:00,2,-0.2288
2026-02-03 11:00:00,2,0.8374
2026-02-03 12:00:00,4,-0.0147
2026-02-03 13:00:00,2,-0.4804
2026-02-03 15:00:00,3,-0.2301
2026-02-03 16:00:00,7,0.3382
2026-02-03 17:00:00,4,0.1127
2026-02-03 18:00:00,7,0.0353
2026-02-03 19:00:00,3,0.5189
2026-02-03 20:00:00,15,-0.3448
2026-02-03 21:00:00,5,-0.2052
2026-02-03 23:00:00,1,0.8553
2026-02-04 01:00:00,3,-0.2682
2026-02-04 03:00:00,3,-0.88
2026-02-04 07:00:00,2,0.4552
2026-02-04 08:00:00,1,-0.8349
2026-02-04 09:00:00,3,-0.2892
2026-02-04 11:00:00,1,-0.794
2026-02-04 12:00:00,2,-0.1633
2026-02-04 13:00:00,1,-0.9744
2026-02-04 14:00:00,2,0.4226
2026-02-04 15:00:00,3,0.7974
2026-02-04 16:00:00,5,-0.4977
2026-02-04 17:00:00,4,-0.4067
2026-02-04 18:00:00,5,0.0825
2026-02-04 19:00:00,4,-0.0273
2026-02-04 20:00:00,12,-0.4116
2026-02-04 21:00:00,7,-0.1825
2026-02-04 22:00:00,4,-0.3684
2026-02-04 23:00:00,1,0.9505
2026-02-05 00:00:00,1,0.9378
2026-02-05 01:00:00,3,-0.2802
2026-02-05 02:00:00,2,-0.4335
2026-02-05 05:00:00,1,-0.8956
2026-02-05 06:00:00,2,0.2931
2026-02-05 08:00:00,1,-0.9609
2026-02-05 14:00:00,3,0.1475
2026-02-05 15:00:00,5,-0.5381
2026-02-05 16:00:00,4,-0.9317
2026-02-05 17:00:00,2,-0.3293
2026-02-05 18:00:00,11,-0.1954
2026-02-05 19:00:00,12,-0.1748
2026-02-05 20:00:00,10,-0.1574
2026-02-05 21:00:00,4,-0.2858
2026-02-05 22:00:00,4,0.001
2026-02-06 00:00:00,4,0.2413
2026-02-06 02:00:00,2,-0.4878
2026-02-06 03:00:00,1,-0.9625
2026-02-06 05:00:00,3,-0.2118
2026-02-06 06:00:00,2,-0.4875
2026-02-06 14:00:00,2,0.3626
2026-02-06 15:00:00,4,0.2196
2026-02-06 16:00:00,5,-0.1242
2026-02-06 17:00:00,1,-0.9444
2026-02-06 18:00:00,7,-0.1665
2026-02-06 19:00:00,6,0.2355
2026-02-06 20:00:00,9,0.0973
2026-02-06 21:00:00,8,0.3265
2026-02-06 22:00:00,4,0.2352
2026-02-06 23:00:00,4,-0.7168
2026-02-07 00:00:00,7,-0.0046
2026-02-07 01:00:00,4,0.1512
2026-02-07 06:00:00,2,-0.568
2026-02-07 09:00:00,4,-0.4031
2026-02-07 13:00:00,1,-0.5516
2026-02-07 14:00:00,1,-0.4423
2026-02-07 15:00:00,4,-0.4401
2026-02-07 16:00:00,1,-0.387
2026-02-07 21:00:00,2,-0.1872
2026-02-08 06:00:00,2,-0.1676
2026-02-08 16:00:00,5,-0.6867
2026-02-08 23:00:00,2,-0.879
2026-02-09 11:00:00,1,0.5681
2026-02-09 12:00:00,2,0.2553
2026-02-09 13:00:00,1,0.9555
2026-02-09 14:00:00,5,-0.0303
2026-02-09 15:00:00,4,-0.3045
2026-02-09 16:00:00,5,-0.2848
2026-02-09 17:00:00,2,-0.4767
2026-02-09 19:00:00,5,0.1669
2026-02-09 20:00:00,6,-0.1911
2026-02-09 21:00:00,6,-0.157
2026-02-09 22:00:00,12,-0.1042
2026-02-09 23:00:00,6,-0.0982
2026-02-10 00:00:00,4,-0.0839
2026-02-10 02:00:00,2,0.9013
2026-02-10 03:00:00,1,-0.9674
2026-02-10 05:00:00,2,-0.5358
2026-02-10 10:00:00,2,-0.4539
2026-02-10 11:00:00,2,0.3802
2026-02-10 12:00:00,3,0.3039
2026-02-10 13:00:00,2,0.372
2026-02-10 14:00:00,3,-0.2061
2026-02-10 15:00:00,7,0.2137
2026-02-10 16:00:00,7,-0.5103
2026-02-10 17:00:00,3,-0.2708
2026-02-10 18:00:00,7,0.0973
2026-02-10 19:00:00,8,-0.0844
2026-02-10 20:00:00,17,-0.0749
2026-02-10 21:00:00,7,0.198
2026-02-10 22:00:00,4,0.1385
2026-02-10 23:00:00,2,0.3912
2026-02-11 00:00:00,6,-0.1301
2026-02-11 02:00:00,2,0.4358
2026-02-11 03:00:00,1,0.8207
2026-02-11 07:00:00,1,-0.6225
2026-02-11 09:00:00,2,-0.0158
2026-02-11 10:00:00,1,0.7108
2026-02-11 13:00:00,3,0.593
2026-02-11 14:00:00,5,-0.3396
2026-02-11 15:00:00,2,-0.9054
2026-02-11 16:00:00,7,-0.727
2026-02-11 17:00:00,6,-0.1212
2026-02-11 18:00:00,8,-0.0647
2026-02-11 19:00:00,5,-0.0893
2026-02-11 20:00:00,14,-0.0705
2026-02-11 21:00:00,5,-0.2374
2026-02-11 22:00:00,6,-0.4084
2026-02-11 23:00:00,1,0.8239
2026-02-12 00:00:00,6,0.0562
2026-02-12 01:00:00,4,-0.0104
2026-02-12 03:00:00,2,-0.791
2026-02-12 06:00:00,2,-0.9644
2026-02-12 14:00:00,6,-0.5053
2026-02-12 15:00:00,2,0.7071
2026-02-12 16:00:00,7,-0.396
2026-02-12 17:00:00,2,-0.3582
2026-02-12 18:00:00,8,-0.3969
2026-02-12 19:00:00,6,0.0248
2026-02-12 20:00:00,8,-0.2015
2026-02-12 21:00:00,5,-0.6318
2026-02-12 22:00:00,4,-0.0366
2026-02-13 00:00:00,1,0.6319
2026-02-13 01:00:00,2,0.3517
2026-02-13 02:00:00,2,-0.9396
2026-02-13 05:00:00,3,-0.2928
2026-02-13 06:00:00,1,0.9123
2026-02-13 07:00:00,1,0.9418
2026-02-13 10:00:00,1,-0.7686
2026-02-13 12:00:00,5,0.2979
2026-02-13 14:00:00,2,-0.5672
2026-02-13 16:00:00,9,-0.4672
2026-02-13 17:00:00,7,-0.3118
2026-02-13 18:00:00,10,0.0104
2026-02-13 19:00:00,9,-0.0155
2026-02-13 20:00:00,10,-0.08
2026-02-13 21:00:00,7,-0.3221
2026-02-13 22:00:00,4,-0.1582
2026-02-13 23:00:00,4,-0.5371
2026-02-14 00:00:00,3,-0.271
2026-02-14 01:00:00,2,-0.4249
2026-02-14 02:00:00,3,0.5718
2026-02-14 04:00:00,2,0.0299
2026-02-14 05:00:00,1,-0.9522
2026-02-14 06:00:00,3,0.1982
2026-02-14 07:00:00,1,-0.9667
2026-02-14 09:00:00,3,-0.5327
2026-02-14 10:00:00,2,0.0306
2026-02-14 15:00:00,6,0.4416
2026-02-14 16:00:00,2,-0.4672
2026-02-14 17:00:00,1,-0.7987
2026-02-15 04:00:00,1,-0.974
2026-02-15 06:00:00,1,-0.7181
2026-02-15 13:00:00,1,-0.8838
2026-02-15 14:00:00,1,-0.4563
2026-02-15 16:00:00,3,-0.5244
2026-02-15 22:00:00,1,0.6217
2026-02-15 23:00:00,2,-0.8135
2026-02-16 05:00:00,1,-0.7353
2026-02-16 08:00:00,1,0.8039
2026-02-16 12:00:00,2,-0.4307
2026-02-16 13:00:00,1,0.923
2026-02-16 15:00:00,3,-0.5345
2026-02-16 20:00:00,2,-0.1154
2026-02-16 21:00:00,2,-0.4703
2026-02-17 01:00:00,1,-0.8867
2026-02-17 02:00:00,1,-0.9516
2026-02-17 10:00:00,1,-0.7118
2026-02-17 14:00:00,5,-0.5349
2026-02-17 15:00:00,4,-0.3203
2026-02-17 16:00:00,8,-0.1949
2026-02-17 17:00:00,4,-0.2729
2026-02-17 18:00:00,3,-0.6484
2026-02-17 19:00:00,7,-0.1316
2026-02-17 20:00:00,10,-0.2349
2026-02-17 21:00:00,9,-0.0847
2026-02-17 22:00:00,9,-0.2194
2026-02-17 23:00:00,7,-0.6402
2026-02-18 00:00:00,2,-0.444
2026-02-18 01:00:00,2,-0.263
2026-02-18 03:00:00,1,0.7941
2026-02-18 05:00:00,1,-0.5374
2026-02-18 06:00:00,1,0.7836
2026-02-18 10:00:00,3,-0.6417
2026-02-18 11:00:00,1,-0.653
2026-02-18 12:00:00,3,0.2534
2026-02-18 14:00:00,2,-0.2932
2026-02-18 15:00:00,2,-0.7159
2026-02-18 16:00:00,11,-0.1634
2026-02-18 17:00:00,3,-0.2266
2026-02-18 18:00:00,8,-0.2072
2026-02-18 20:00:00,7,0.5554
2026-02-18 21:00:00,11,0.1095
2026-02-18 22:00:00,13,0.1653
2026-02-18 23:00:00,5,0.048
2026-02-19 00:00:00,1,-0.4174
2026-02-19 02:00:00,3,0.1371
2026-02-19 03:00:00,2,0.1086
2026-02-19 04:00:00,1,0.9404
2026-02-19 05:00:00,1,-0.8329
2026-02-19 06:00:00,1,-0.6404
2026-02-19 11:00:00,2,0.334
2026-02-19 12:00:00,2,0.893
2026-02-19 15:00:00,3,-0.2932
2026-02-19 16:00:00,11,-0.6295
2026-02-19 17:00:00,11,-0.3038
2026-02-19 18:00:00,11,-0.1645
2026-02-19 19:00:00,2,-0.3774
2026-02-19 20:00:00,6,-0.4291
2026-02-19 21:00:00,3,-0.5237
2026-02-19 22:00:00,3,0.1951
2026-02-20 01:00:00,6,0.1296
2026-02-20 05:00:00,1,-0.9366
2026-02-20 06:00:00,1,-0.4943
2026-02-20 07:00:00,1,0.9009
2026-02-20 08:00:00,1,-0.5094
2026-02-20 09:00:00,2,-0.4764
2026-02-20 12:00:00,3,0.1939
2026-02-20 13:00:00,1,0.5118
2026-02-20 14:00:00,3,-0.2851
2026-02-20 15:00:00,2,-0.3577
2026-02-20 16:00:00,8,-0.6571
2026-02-20 17:00:00,11,-0.6067
2026-02-20 18:00:00,19,-0.1759
2026-02-20 19:00:00,8,-0.0836
2026-02-20 20:00:00,10,-0.2486
2026-02-20 21:00:00,19,-0.2438
2026-02-20 22:00:00,10,-0.1466
2026-02-20 23:00:00,4,-0.4514
2026-02-21 00:00:00,4,-0.3872
2026-02-21 03:00:00,1,-0.9723
2026-02-21 05:00:00,1,-0.9695
2026-02-21 07:00:00,1,0.5472
2026-02-21 09:00:00,1,-0.9053
2026-02-21 14:00:00,2,-0.4738
2026-02-21 15:00:00,3,-0.3162
2026-02-21 19:00:00,1,0.7679
2026-02-22 07:00:00,1,0.8901
2026-02-22 08:00:00,1,-0.5777
2026-02-22 14:00:00,1,-0.6502
2026-02-22 16:00:00,2,-0.2704
2026-02-22 17:00:00,1,0.9479
2026-02-23 11:00:00,1,0.5142
2026-02-23 12:00:00,2,-0.4245
2026-02-23 14:00:00,4,-0.5032
2026-02-23 15:00:00,3,-0.3065
2026-02-23 16:00:00,6,-0.6787
2026-02-23 17:00:00,7,-0.2454
2026-02-23 18:00:00,9,-0.6081
2026-02-23 19:00:00,7,-0.0007
2026-02-23 20:00:00,6,-0.2276
2026-02-23 21:00:00,3,-0.3085
2026-02-23 22:00:00,5,0.084
2026-02-23 23:00:00,3,-0.0767
2026-02-24 00:00:00,5,-0.0295
2026-02-24 01:00:00,4,-0.1641
2026-02-24 02:00:00,1,-0.8836
2026-02-24 04:00:00,1,-0.974
2026-02-24 10:00:00,2,0.1915
2026-02-24 11:00:00,2,-0.8345
2026-02-24 12:00:00,2,0.4149
2026-02-24 14:00:00,3,-0.0097
2026-02-24 15:00:00,4,-0.1756
2026-02-24 16:00:00,12,-0.1306
2026-02-24 17:00:00,9,-0.5759
2026-02-24 18:00:00,12,-0.519
2026-02-24 19:00:00,6,-0.0787
2026-02-24 20:00:00,8,0.0039
2026-02-24 21:00:00,7,-0.2457
2026-02-24 22:00:00,4,0.0028
2026-02-24 23:00:00,7,-0.3753
2026-02-25 00:00:00,5,0.3447
2026-02-25 02:00:00,3,-0.0625
2026-02-25 07:00:00,1,0.9417
2026-02-25 11:00:00,1,-0.5872
2026-02-25 14:00:00,2,0.197
2026-02-25 15:00:00,3,-0.5274
2026-02-25 16:00:00,4,0.6182
2026-02-25 17:00:00,2,-0.7626
2026-02-25 18:00:00,7,-0.1459
2026-02-25 19:00:00,12,-0.0291
2026-02-25 20:00:00,9,0.1754
2026-02-25 21:00:00,4,-0.3472
2026-02-25 22:00:00,8,-0.1499
2026-02-25 23:00:00,2,-0.6507
2026-02-26 00:00:00,10,0.1441
2026-02-26 03:00:00,1,-0.8713
2026-02-26 06:00:00,2,0.4624
2026-02-26 07:00:00,2,-0.1164
2026-02-26 09:00:00,2,-0.2204
2026-02-26 10:00:00,1,-0.9578
2026-02-26 11:00:00,1,0.9496
2026-02-26 13:00:00,1,0.9048
2026-02-26 14:00:00,3,-0.5322
2026-02-26 15:00:00,1,0.7035
2026-02-26 16:00:00,11,-0.5691
2026-02-26 18:00:00,10,-0.1869
2026-02-26 19:00:00,6,-0.2414
2026-02-26 20:00:00,7,0.1932
2026-02-26 21:00:00,3,-0.2959
2026-02-26 22:00:00,6,-0.1133
2026-02-26 23:00:00,5,-0.0896
2026-02-27 01:00:00,2,-0.5318
2026-02-27 02:00:00,2,-0.2997
2026-02-27 03:00:00,2,0.2944
2026-02-27 04:00:00,1,-0.9528
2026-02-27 08:00:00,2,-0.3946
2026-02-27 09:00:00,1,-0.6657
2026-02-27 10:00:00,2,-0.0046
2026-02-27 11:00:00,2,-0.4785
2026-02-27 13:00:00,1,-0.7816
2026-02-27 14:00:00,1,0.4783
2026-02-27 15:00:00,3,-0.2854
2026-02-27 16:00:00,9,-0.3711
2026-02-27 17:00:00,2,-0.4852
2026-02-27 18:00:00,7,-0.0629
2026-02-27 19:00:00,4,-0.3625
2026-02-27 20:00:00,6,-0.2301
2026-02-27 21:00:00,6,-0.0613
2026-02-27 22:00:00,1,-0.9737
2026-02-27 23:00:00,4,-0.489
2026-02-28 00:00:00,3,-0.3041
2026-02-28 01:00:00,1,0.9478
2026-02-28 06:00:00,2,-0.1279
2026-02-28 08:00:00,1,-0.9213
2026-02-28 09:00:00,3,0.741
2026-02-28 10:00:00,5,-0.1384
2026-02-28 12:00:00,15,-0.2255
2026-02-28 13:00:00,1,-0.9332
2026-02-28 15:00:00,6,-0.1287
2026-02-28 17:00:00,3,-0.5467
2026-02-28 22:00:00,1,-0.6681
2026-03-01 00:00:00,2,-0.4768
2026-03-01 04:00:00,2,-0.2803
2026-03-01 07:00:00,1,-0.9273
2026-03-01 13:00:00,1,-0.8585
2026-03-01 16:00:00,2,-0.4762
2026-03-01 17:00:00,4,-0.231
2026-03-01 18:00:00,3,-0.2507
2026-03-01 20:00:00,1,0.903
2026-03-02 04:00:00,1,-0.7142
2026-03-02 06:00:00,2,0.3104
2026-03-02 10:00:00,1,-0.8918
2026-03-02 12:00:00,3,-0.3066
2026-03-02 14:00:00,1,-0.9509
2026-03-02 15:00:00,2,-0.6683
2026-03-02 16:00:00,7,-0.3635
2026-03-02 17:00:00,4,-0.1691
2026-03-02 18:00:00,9,-0.248
2026-03-02 19:00:00,6,0.3411
2026-03-02 20:00:00,9,-0.3948
2026-03-02 21:00:00,8,-0.0481
2026-03-02 22:00:00,4,-0.1666
2026-03-03 00:00:00,1,-0.7147
2026-03-03 02:00:00,2,-0.4265
2026-03-03 03:00:00,2,0.3448
2026-03-03 06:00:00,1,0.6721
2026-03-03 07:00:00,4,0.09
2026-03-03 08:00:00,2,-0.2167
2026-03-03 09:00:00,3,-0.1561
2026-03-03 10:00:00,2,-0.4844
2026-03-03 11:00:00,4,-0.2052
2026-03-03 16:00:00,9,-0.1113
2026-03-03 17:00:00,5,-0.2153
2026-03-03 18:00:00,7,-0.4568
2026-03-03 19:00:00,20,-0.1453
2026-03-03 20:00:00,18,-0.4481
2026-03-03 21:00:00,6,-0.5838
2026-03-03 22:00:00,4,0.2338
2026-03-03 23:00:00,6,-0.2838
2026-03-04 00:00:00,4,-0.1224
2026-03-04 01:00:00,3,-0.3121
2026-03-04 02:00:00,3,-0.2865
2026-03-04 04:00:00,1,-0.7895
2026-03-04 07:00:00,3,-0.1543
2026-03-04 11:00:00,3,0.5306
2026-03-04 12:00:00,2,0.3445
2026-03-04 13:00:00,6,-0.0106
2026-03-04 15:00:00,9,0.1014
2026-03-04 16:00:00,8,0.009
2026-03-04 17:00:00,7,0.1046
2026-03-04 18:00:00,11,-0.2794
2026-03-04 19:00:00,4,-0.2095
2026-03-04 20:00:00,8,0.2168
2026-03-04 21:00:00,12,0.1046
2026-03-05 01:00:00,2,0.4766
2026-03-05 02:00:00,2,-0.4494
2026-03-05 05:00:00,3,-0.1364
2026-03-05 06:00:00,1,0.9494
2026-03-05 09:00:00,2,-0.4598
2026-03-05 11:00:00,5,0.1889
2026-03-05 15:00:00,3,0.1995
2026-03-05 16:00:00,9,-0.5142
2026-03-05 17:00:00,2,-0.2472
2026-03-05 18:00:00,1,-0.6027
2026-03-05 19:00:00,3,-0.3238
2026-03-05 20:00:00,9,-0.1546
2026-03-05 21:00:00,9,-0.1075
2026-03-05 22:00:00,6,-0.0673
2026-03-05 23:00:00,9,-0.1139
2026-03-06 00:00:00,5,0.0394
2026-03-06 02:00:00,2,-0.9186
2026-03-06 03:00:00,1,0.6703
2026-03-06 05:00:00,2,0.2316
2026-03-06 07:00:00,1,-0.6841
2026-03-06 09:00:00,1,0.4958
2026-03-06 10:00:00,3,-0.6701
2026-03-06 15:00:00,9,-0.4142
2026-03-06 16:00:00,20,-0.4864
2026-03-06 17:00:00,11,-0.2039
2026-03-06 18:00:00,7,-0.4761
2026-03-06 19:00:00,11,-0.459
2026-03-06 20:00:00,3,-0.3249
2026-03-06 21:00:00,8,-0.4292
2026-03-06 22:00:00,9,-0.2513
2026-03-06 23:00:00,8,-0.3203
2026-03-07 00:00:00,2,-0.723
2026-03-07 01:00:00,4,-0.4746
2026-03-07 02:00:00,2,0.7952
2026-03-07 03:00:00,2,-0.1097
2026-03-07 05:00:00,2,-0.4397
2026-03-07 06:00:00,2,0.4126
2026-03-07 07:00:00,1,0.8338
2026-03-07 08:00:00,1,-0.9703
2026-03-07 09:00:00,1,-0.6617
2026-03-07 10:00:00,2,-0.426
2026-03-07 11:00:00,1,-0.9614
2026-03-07 15:00:00,4,-0.2398
2026-03-07 16:00:00,1,-0.9684
2026-03-07 22:00:00,1,-0.9616
2026-03-08 07:00:00,1,-0.9617
2026-03-08 17:00:00,3,-0.6201
2026-03-09 04:00:00,1,-0.9438
2026-03-09 11:00:00,2,-0.0385
2026-03-09 13:00:00,2,-0.4793
2026-03-09 14:00:00,5,-0.3419
2026-03-09 15:00:00,2,-0.4863
2026-03-09 16:00:00,6,-0.1053
2026-03-09 17:00:00,7,-0.1432
2026-03-09 18:00:00,5,-0.2365
2026-03-09 19:00:00,6,-0.2544
2026-03-09 20:00:00,6,-0.1451
2026-03-09 21:00:00,5,-0.3287
2026-03-09 22:00:00,9,0.0252
2026-03-09 23:00:00,5,0.1874
2026-03-10 00:00:00,6,-0.5767
2026-03-10 01:00:00,4,-0.2251
2026-03-10 03:00:00,2,0.231
2026-03-10 04:00:00,3,-0.4628
2026-03-10 08:00:00,1,0.931
2026-03-10 09:00:00,1,0.7909
2026-03-10 13:00:00,1,-0.7934
2026-03-10 15:00:00,7,-0.1677
2026-03-10 16:00:00,6,-0.3503
2026-03-10 17:00:00,4,-0.4245
2026-03-10 18:00:00,4,-0.1807
2026-03-10 19:00:00,7,-0.0579
2026-03-10 20:00:00,5,0.091
2026-03-10 21:00:00,7,-0.2217
2026-03-10 22:00:00,5,-0.1846
2026-03-10 23:00:00,6,0.2831
2026-03-11 00:00:00,5,-0.2758
2026-03-11 05:00:00,1,-0.8259
2026-03-11 07:00:00,1,-0.9564
2026-03-11 09:00:00,2,-0.1934
2026-03-11 10:00:00,1,-0.5998
2026-03-11 12:00:00,1,0.7299
2026-03-11 14:00:00,5,-0.0468
2026-03-11 15:00:00,10,-0.2868
2026-03-11 16:00:00,7,0.1906
2026-03-11 17:00:00,4,-0.235
2026-03-11 18:00:00,9,-0.1609
2026-03-11 19:00:00,6,-0.1354
2026-03-11 20:00:00,6,-0.5471
2026-03-11 21:00:00,6,-0.2449
2026-03-11 22:00:00,2,-0.9097
2026-03-11 23:00:00,3,0.2148
2026-03-12 00:00:00,3,-0.744
2026-03-12 02:00:00,1,-0.7068
2026-03-12 03:00:00,2,-0.0331
2026-03-12 04:00:00,3,0.6062
2026-03-12 06:00:00,1,-0.737
2026-03-12 08:00:00,1,0.7695
2026-03-12 10:00:00,2,-0.9492
2026-03-12 14:00:00,4,-0.2144
2026-03-12 15:00:00,6,-0.3944
2026-03-12 17:00:00,8,-0.003
2026-03-12 19:00:00,8,-0.3514
2026-03-12 20:00:00,5,-0.228
2026-03-12 21:00:00,4,0.0071
2026-03-12 22:00:00,8,-0.1624
2026-03-12 23:00:00,5,-0.0328
2026-03-13 00:00:00,4,0.2308
2026-03-13 01:00:00,1,-0.9504
2026-03-13 03:00:00,2,0.4698
2026-03-13 04:00:00,2,-0.4365
2026-03-13 05:00:00,1,0.8718
2026-03-13 06:00:00,1,-0.9319
2026-03-13 10:00:00,8,0.0115
2026-03-13 12:00:00,2,-0.4331
2026-03-13 13:00:00,1,-0.586
2026-03-13 14:00:00,5,0.1757
2026-03-13 15:00:00,15,-0.4918
2026-03-13 16:00:00,8,-0.2357
2026-03-13 17:00:00,7,-0.6389
2026-03-13 18:00:00,9,-0.0928
2026-03-13 19:00:00,4,-0.7495
2026-03-13 20:00:00,6,0.0802
2026-03-13 21:00:00,5,-0.4452
2026-03-13 22:00:00,9,-0.2142
2026-03-13 23:00:00,6,-0.0258
2026-03-14 03:00:00,1,-0.9625
2026-03-14 06:00:00,2,-0.4726
2026-03-14 07:00:00,1,-0.9652
2026-03-14 09:00:00,1,-0.5462
2026-03-14 10:00:00,1,-0.8475
2026-03-14 11:00:00,3,-0.1339
2026-03-14 15:00:00,3,0.3431
2026-03-14 16:00:00,4,0.2473
2026-03-15 06:00:00,1,-0.8487
2026-03-15 07:00:00,1,0.8852
2026-03-15 16:00:00,4,-0.4337
2026-03-16 08:00:00,2,-0.5366
2026-03-16 10:00:00,4,-0.2901
2026-03-16 11:00:00,1,-0.873
2026-03-16 12:00:00,1,0.9173
2026-03-16 15:00:00,9,0.0326
2026-03-16 16:00:00,6,-0.4751
2026-03-16 17:00:00,5,0.1575
2026-03-16 18:00:00,5,-0.1952
2026-03-16 19:00:00,8,0.0609
2026-03-16 20:00:00,4,0.2382
2026-03-16 21:00:00,11,-0.2531
2026-03-16 22:00:00,8,-0.097
2026-03-16 23:00:00,5,0.1901
2026-03-17 00:00:00,6,-0.2655
2026-03-17 01:00:00,1,0.7483
2026-03-17 02:00:00,2,-0.4212
2026-03-17 04:00:00,1,-0.9717
2026-03-17 06:00:00,1,-0.8485
2026-03-17 07:00:00,1,-0.7033
2026-03-17 08:00:00,1,-0.9597
2026-03-17 09:00:00,1,-0.9721
2026-03-17 10:00:00,1,-0.9587
2026-03-17 13:00:00,1,-0.9649
2026-03-17 14:00:00,3,-0.4883
2026-03-17 15:00:00,7,-0.2276
2026-03-17 16:00:00,5,0.1848
2026-03-17 17:00:00,7,-0.7259
2026-03-17 18:00:00,4,-0.2023
2026-03-17 19:00:00,7,-0.1496
2026-03-17 20:00:00,5,-0.2323
2026-03-17 21:00:00,5,-0.4957
2026-03-17 22:00:00,9,-0.0967
2026-03-17 23:00:00,6,0.1126
2026-03-18 02:00:00,2,-0.2816
2026-03-18 06:00:00,2,-0.3783
2026-03-18 07:00:00,4,0.3989
2026-03-18 08:00:00,1,0.5527
2026-03-18 10:00:00,1,0.822
2026-03-18 12:00:00,1,-0.7938
2026-03-18 14:00:00,2,-0.7812
2026-03-18 15:00:00,8,-0.4633
2026-03-18 16:00:00,6,0.1042
2026-03-18 17:00:00,13,-0.4371
2026-03-18 18:00:00,6,-0.2101
2026-03-18 19:00:00,8,-0.083
2026-03-18 20:00:00,5,-0.2147
2026-03-18 21:00:00,27,-0.0833
2026-03-18 22:00:00,14,-0.1004
2026-03-18 23:00:00,2,-0.3546
2026-03-19 00:00:00,6,-0.266
2026-03-19 02:00:00,2,-0.4659
2026-03-19 03:00:00,3,0.2012
2026-03-19 04:00:00,1,-0.9312
2026-03-19 07:00:00,2,0.5272
2026-03-19 08:00:00,1,-0.9332
2026-03-19 09:00:00,2,-0.4239
2026-03-19 10:00:00,2,0.449
2026-03-19 12:00:00,3,-0.5544
2026-03-19 13:00:00,2,-0.4753
2026-03-19 15:00:00,14,-0.3045
2026-03-19 16:00:00,7,-0.4231
2026-03-19 17:00:00,10,-0.3608
2026-03-19 18:00:00,8,0.1515
2026-03-19 19:00:00,11,-0.6384
2026-03-19 20:00:00,11,-0.2172
2026-03-19 21:00:00,5,-0.5141
2026-03-19 22:00:00,8,-0.1227
2026-03-19 23:00:00,5,0.2748
2026-03-20 02:00:00,1,-0.9025
2026-03-20 03:00:00,2,-0.1924
2026-03-20 04:00:00,2,0.2998
2026-03-20 07:00:00,1,0.922
2026-03-20 09:00:00,2,-0.3976
2026-03-20 10:00:00,3,-0.221
2026-03-20 14:00:00,4,-0.3449
2026-03-20 15:00:00,9,-0.4078
2026-03-20 16:00:00,8,-0.1403
2026-03-20 17:00:00,7,-0.3963
2026-03-20 18:00:00,7,-0.2532
2026-03-20 19:00:00,12,-0.4533
2026-03-20 20:00:00,11,-0.3554
2026-03-20 21:00:00,8,-0.5653
2026-03-20 22:00:00,5,-0.6785
2026-03-20 23:00:00,5,-0.3469
2026-03-21 00:00:00,2,-0.389
2026-03-21 03:00:00,1,-0.8553
2026-03-21 04:00:00,2,0.4729
2026-03-21 07:00:00,2,0.4229
2026-03-21 08:00:00,1,-0.9618
2026-03-21 10:00:00,1,0.8031
2026-03-21 11:00:00,1,-0.9591
2026-03-21 15:00:00,4,-0.2206
2026-03-21 17:00:00,3,-0.9524
2026-03-21 18:00:00,3,0.5315
2026-03-21 19:00:00,2,0.4452
2026-03-22 06:00:00,2,-0.1769
2026-03-22 08:00:00,2,-0.5281
2026-03-22 12:00:00,1,-0.635
2026-03-22 14:00:00,2,0.4534
2026-03-22 15:00:00,3,-0.1843
2026-03-22 16:00:00,4,-0.5863
2026-03-22 17:00:00,3,-0.7715
2026-03-22 18:00:00,3,0.0132
2026-03-22 21:00:00,1,-0.9727
2026-03-22 23:00:00,1,0.6778
2026-03-23 10:00:00,3,-0.6776
2026-03-23 14:00:00,9,0.1933
2026-03-23 15:00:00,18,-0.2431
2026-03-23 16:00:00,14,-0.1469
2026-03-23 17:00:00,16,-0.0063
2026-03-23 18:00:00,12,0.1281
2026-03-23 19:00:00,10,-0.0629
2026-03-23 20:00:00,7,-0.1591
2026-03-23 21:00:00,6,-0.1531
2026-03-23 22:00:00,11,-0.0926
2026-03-23 23:00:00,3,-0.5446
2026-03-24 00:00:00,5,-0.1907
2026-03-24 01:00:00,4,-0.4343
2026-03-24 04:00:00,1,-0.9742
2026-03-24 05:00:00,2,-0.2801
2026-03-24 06:00:00,1,-0.5044
2026-03-24 09:00:00,1,-0.679
2026-03-24 12:00:00,2,-0.0624
2026-03-24 13:00:00,3,-0.5513
2026-03-24 14:00:00,2,0.1009
2026-03-24 15:00:00,13,-0.1557
2026-03-24 16:00:00,8,-0.1503
2026-03-24 17:00:00,10,-0.28
2026-03-24 18:00:00,7,-0.2014
2026-03-24 19:00:00,8,-0.0644
2026-03-24 20:00:00,13,-0.1228
2026-03-24 21:00:00,12,-0.0719
2026-03-24 22:00:00,3,-0.1842
2026-03-24 23:00:00,5,-0.1589
2026-03-25 00:00:00,4,0.2435
2026-03-25 03:00:00,3,-0.0735
2026-03-25 04:00:00,2,0.2771
2026-03-25 05:00:00,1,-0.4178
2026-03-25 07:00:00,1,-0.6712
2026-03-25 10:00:00,2,-0.8454
2026-03-25 11:00:00,2,-0.435
2026-03-25 13:00:00,3,0.0301
2026-03-25 14:00:00,4,-0.0863
2026-03-25 15:00:00,7,-0.4235
2026-03-25 16:00:00,5,-0.304
2026-03-25 17:00:00,6,-0.2234
2026-03-25 18:00:00,8,-0.144
2026-03-25 19:00:00,11,0.0909
2026-03-25 20:00:00,4,-0.1172
2026-03-25 21:00:00,10,0.3406
2026-03-25 22:00:00,5,-0.4075
2026-03-25 23:00:00,4,-0.2367
2026-03-26 04:00:00,1,0.9067
2026-03-26 06:00:00,2,0.5192
2026-03-26 13:00:00,5,0.0274
2026-03-26 15:00:00,8,-0.3703
2026-03-26 16:00:00,6,0.2727
2026-03-26 17:00:00,6,-0.1562
2026-03-26 18:00:00,8,-0.0778
2026-03-26 19:00:00,12,-0.4848
2026-03-26 20:00:00,7,-0.0649
2026-03-26 21:00:00,3,-0.6379
2026-03-26 22:00:00,4,-0.1414
2026-03-26 23:00:00,8,-0.2127
2026-03-27 00:00:00,3,-0.251
2026-03-27 01:00:00,2,-0.1246
2026-03-27 05:00:00,1,-0.9594
2026-03-27 12:00:00,2,0.3521
2026-03-27 14:00:00,6,-0.1457
2026-03-27 15:00:00,3,-0.6411
2026-03-27 16:00:00,3,-0.6486
2026-03-27 17:00:00,4,-0.2054
2026-03-27 18:00:00,10,-0.2398
2026-03-27 19:00:00,8,-0.2957
2026-03-27 20:00:00,9,-0.0177
2026-03-27 21:00:00,12,-0.5565
2026-03-27 22:00:00,4,0.1984
2026-03-27 23:00:00,3,-0.3725
2026-03-28 00:00:00,3,-0.2436
2026-03-28 03:00:00,1,-0.6664
2026-03-28 04:00:00,1,-0.9694
2026-03-28 06:00:00,1,-0.8775
2026-03-28 07:00:00,1,-0.9715
2026-03-28 08:00:00,2,-0.8466
2026-03-28 10:00:00,1,0.9039
2026-03-28 13:00:00,1,-0.6908
2026-03-28 16:00:00,1,0.9426
2026-03-29 07:00:00,1,-0.9634
2026-03-29 14:00:00,1,-0.6036
2026-03-29 16:00:00,2,-0.8009
2026-03-29 17:00:00,1,0.9036
2026-03-29 21:00:00,1,-0.9087
